{"redPine":{"treeName":"overall_redpine","Density":"0.010565217","DBH":"103.25","Height":"23.8","Age":"84"},"oak":{"treeName":"overall_oak","Density":"0.001584783","DBH":"25","Height":"22.9","Age":"84"},"beech":{"treeName":"overall_beech","Density":"0.004226087","DBH":"24.125","Height":"22.9","Age":"84"},"birch":{"treeName":"overall_birch","Density":"0.002113043","DBH":"16","Height":"22.9","Age":"84"},"whitePine":{"treeName":"overall_whitepine","Density":"0.003169565","DBH":"22","Height":"23.8","Age":"84"},"redMaple":{"treeName":"overall_redmaple","Density":"0.001584783","DBH":"28","Height":"22.9","Age":"84"},"redOak":{"treeName":"overall_redoak","Density":"0.001056522","DBH":"33","Height":"22.9","Age":"84"},"envData":{"Humility":"71","Temp":"21","SCContent":"3.02375","SNContent":"0.13357","LAI":"5.257"}}