{"redPine":{"treeName":"plot01_redpine","Density":"0.01246","DBH":"103.25","Height":"23.8","Age":"84"},"oak":{"treeName":"plot01_oak","Density":"0.00089","DBH":"25","Height":"22.9","Age":"84"},"beech":{"treeName":"plot01_beech","Density":"0.00089","DBH":"24.125","Height":"22.9","Age":"84"},"birch":{"treeName":"plot01_birch","Density":"0.00089","DBH":"16","Height":"22.9","Age":"84"},"whitePine":{"treeName":"plot01_whitepine","Density":"0.00089","DBH":"22","Height":"23.8","Age":"84"},"redMaple":{"treeName":"plot01_redmaple","Density":"0.00089","DBH":"28","Height":"22.9","Age":"84"},"redOak":{"treeName":"plot01_redoak","Density":"0.00089","DBH":"33","Height":"22.9","Age":"84"},"envData":{"Humility":"71","Temp":"21","SCContent":"2.27","SNContent":"0.11","LAI":"5.158"}}