{"redPine":{"treeName":"plot10_redpine","Density":"0.00059","DBH":"103.25","Height":"23.8","Age":"84"},"oak":{"treeName":"plot10_oak","Density":"0.00059","DBH":"25","Height":"22.9","Age":"84"},"beech":{"treeName":"plot10_beech","Density":"0.00826","DBH":"24.125","Height":"22.9","Age":"84"},"birch":{"treeName":"plot10_birch","Density":"0.00059","DBH":"16","Height":"22.9","Age":"84"},"whitePine":{"treeName":"plot10_whitepine","Density":"0.00059","DBH":"22","Height":"23.8","Age":"84"},"redMaple":{"treeName":"plot10_redmaple","Density":"0.00059","DBH":"28","Height":"22.9","Age":"84"},"redOak":{"treeName":"plot10_redoak","Density":"0.00059","DBH":"33","Height":"22.9","Age":"84"},"envData":{"Humility":"71","Temp":"21","SCContent":"3.4","SNContent":"0.1525","LAI":"5.004"}}