{"redPine":{"treeName":"plot03_redpine","Density":"0.00089","DBH":"103.25","Height":"23.8","Age":"84"},"oak":{"treeName":"plot03_oak","Density":"0.00089","DBH":"25","Height":"22.9","Age":"84"},"beech":{"treeName":"plot03_beech","Density":"0.01246","DBH":"24.125","Height":"22.9","Age":"84"},"birch":{"treeName":"plot03_birch","Density":"0.00089","DBH":"16","Height":"22.9","Age":"84"},"whitePine":{"treeName":"plot03_whitepine","Density":"0.00089","DBH":"22","Height":"23.8","Age":"84"},"redMaple":{"treeName":"plot03_redmaple","Density":"0.00089","DBH":"28","Height":"22.9","Age":"84"},"redOak":{"treeName":"plot03_redoak","Density":"0.00089","DBH":"33","Height":"22.9","Age":"84"},"envData":{"Humility":"71","Temp":"21","SCContent":"2.2775","SNContent":"0.105","LAI":"4.662"}}