{"redPine":{"treeName":"plot13_redpine","Density":"0.001065","DBH":"103.25","Height":"23.8","Age":"84"},"oak":{"treeName":"plot13_oak","Density":"0.001065","DBH":"25","Height":"22.9","Age":"84"},"beech":{"treeName":"plot13_beech","Density":"0.001065","DBH":"24.125","Height":"22.9","Age":"84"},"birch":{"treeName":"plot13_birch","Density":"0.001065","DBH":"16","Height":"22.9","Age":"84"},"whitePine":{"treeName":"plot13_whitepine","Density":"0.01491","DBH":"22","Height":"23.8","Age":"84"},"redMaple":{"treeName":"plot13_redmaple","Density":"0.001065","DBH":"28","Height":"22.9","Age":"84"},"redOak":{"treeName":"plot13_redoak","Density":"0.001065","DBH":"33","Height":"22.9","Age":"84"},"envData":{"Humility":"71","Temp":"21","SCContent":"1.9975","SNContent":"0.0875","LAI":"5.66"}}