{"redPine":{"treeName":"plot12_redpine","Density":"0.001175","DBH":"103.25","Height":"23.8","Age":"84"},"oak":{"treeName":"plot12_oak","Density":"0.001175","DBH":"25","Height":"22.9","Age":"84"},"beech":{"treeName":"plot12_beech","Density":"0.001175","DBH":"24.125","Height":"22.9","Age":"84"},"birch":{"treeName":"plot12_birch","Density":"0.001175","DBH":"16","Height":"22.9","Age":"84"},"whitePine":{"treeName":"plot12_whitepine","Density":"0.001175","DBH":"22","Height":"23.8","Age":"84"},"redMaple":{"treeName":"plot12_redmaple","Density":"0.01645","DBH":"28","Height":"22.9","Age":"84"},"redOak":{"treeName":"plot12_redoak","Density":"0.001175","DBH":"33","Height":"22.9","Age":"84"},"envData":{"Humility":"71","Temp":"21","SCContent":"4.155","SNContent":"0.23","LAI":"4.932"}}