{"redPine":{"treeName":"plot08_redpine","Density":"0.00826","DBH":"103.25","Height":"23.8","Age":"84"},"oak":{"treeName":"plot08_oak","Density":"0.00059","DBH":"25","Height":"22.9","Age":"84"},"beech":{"treeName":"plot08_beech","Density":"0.00059","DBH":"24.125","Height":"22.9","Age":"84"},"birch":{"treeName":"plot08_birch","Density":"0.00059","DBH":"16","Height":"22.9","Age":"84"},"whitePine":{"treeName":"plot08_whitepine","Density":"0.00059","DBH":"22","Height":"23.8","Age":"84"},"redMaple":{"treeName":"plot08_redmaple","Density":"0.00059","DBH":"28","Height":"22.9","Age":"84"},"redOak":{"treeName":"plot08_redoak","Density":"0.00059","DBH":"33","Height":"22.9","Age":"84"},"envData":{"Humility":"71","Temp":"21","SCContent":"2.6425","SNContent":"0.1","LAI":"5.398"}}