{"redPine":{"treeName":"plot07_redpine","Density":"0.001065","DBH":"103.25","Height":"23.8","Age":"84"},"oak":{"treeName":"plot07_oak","Density":"0.001065","DBH":"25","Height":"22.9","Age":"84"},"beech":{"treeName":"plot07_beech","Density":"0.001065","DBH":"24.125","Height":"22.9","Age":"84"},"birch":{"treeName":"plot07_birch","Density":"0.001065","DBH":"16","Height":"22.9","Age":"84"},"whitePine":{"treeName":"plot07_whitepine","Density":"0.001065","DBH":"22","Height":"23.8","Age":"84"},"redMaple":{"treeName":"plot07_redmaple","Density":"0.001065","DBH":"28","Height":"22.9","Age":"84"},"redOak":{"treeName":"plot07_redoak","Density":"0.01491","DBH":"33","Height":"22.9","Age":"84"},"envData":{"Humility":"71","Temp":"21","SCContent":"2.6425","SNContent":"0.1025","LAI":"5.276"}}