{"redPine":{"treeName":"plot04_redpine","Density":"0.001065","DBH":"103.25","Height":"23.8","Age":"84"},"oak":{"treeName":"plot04_oak","Density":"0.001065","DBH":"25","Height":"22.9","Age":"84"},"beech":{"treeName":"plot04_beech","Density":"0.001065","DBH":"24.125","Height":"22.9","Age":"84"},"birch":{"treeName":"plot04_birch","Density":"0.01491","DBH":"16","Height":"22.9","Age":"84"},"whitePine":{"treeName":"plot04_whitepine","Density":"0.001065","DBH":"22","Height":"23.8","Age":"84"},"redMaple":{"treeName":"plot04_redmaple","Density":"0","DBH":"28","Height":"22.9","Age":"84"},"redOak":{"treeName":"plot04_redoak","Density":"0.001065","DBH":"33","Height":"22.9","Age":"84"},"envData":{"Humility":"71","Temp":"21","SCContent":"2.8125","SNContent":"0.1175","LAI":"6.056"}}