{"redPine":{"treeName":"plot14_redpine","Density":"0.018782609","DBH":"103.25","Height":"23.8","Age":"84"},"oak":{"treeName":"plot14_oak","Density":"0.002817391","DBH":"25","Height":"22.9","Age":"84"},"beech":{"treeName":"plot14_beech","Density":"0.007513043","DBH":"24.125","Height":"22.9","Age":"84"},"birch":{"treeName":"plot14_birch","Density":"0.003756522","DBH":"16","Height":"22.9","Age":"84"},"whitePine":{"treeName":"plot14_whitepine","Density":"0.005634783","DBH":"22","Height":"23.8","Age":"84"},"redMaple":{"treeName":"plot14_redmaple","Density":"0.002817391","DBH":"28","Height":"22.9","Age":"84"},"redOak":{"treeName":"plot14_redoak","Density":"0.001878261","DBH":"33","Height":"22.9","Age":"84"},"envData":{"Humility":"71","Temp":"21","SCContent":"2.4525","SNContent":"0.11","LAI":"4.926"}}