{"redPine":{"treeName":"plot06_redpine","Density":"0.00216","DBH":"103.25","Height":"23.8","Age":"84"},"oak":{"treeName":"plot06_oak","Density":"0.00216","DBH":"25","Height":"22.9","Age":"84"},"beech":{"treeName":"plot06_beech","Density":"0.00216","DBH":"24.125","Height":"22.9","Age":"84"},"birch":{"treeName":"plot06_birch","Density":"0.00216","DBH":"16","Height":"22.9","Age":"84"},"whitePine":{"treeName":"plot06_whitepine","Density":"0.03024","DBH":"22","Height":"23.8","Age":"84"},"redMaple":{"treeName":"plot06_redmaple","Density":"0.00216","DBH":"28","Height":"22.9","Age":"84"},"redOak":{"treeName":"plot06_redoak","Density":"0.00216","DBH":"33","Height":"22.9","Age":"84"},"envData":{"Humility":"71","Temp":"21","SCContent":"3.9375","SNContent":"0.14","LAI":"5.764"}}