{"redPine":{"treeName":"plot05_redpine","Density":"0.00216","DBH":"103.25","Height":"23.8","Age":"84"},"oak":{"treeName":"plot05_oak","Density":"0.00216","DBH":"25","Height":"22.9","Age":"84"},"beech":{"treeName":"plot05_beech","Density":"0.00216","DBH":"24.125","Height":"22.9","Age":"84"},"birch":{"treeName":"plot05_birch","Density":"0.00216","DBH":"16","Height":"22.9","Age":"84"},"whitePine":{"treeName":"plot05_whitepine","Density":"0.00216","DBH":"22","Height":"23.8","Age":"84"},"redMaple":{"treeName":"plot05_redmaple","Density":"0.03024","DBH":"28","Height":"22.9","Age":"84"},"redOak":{"treeName":"plot05_redoak","Density":"0.00216","DBH":"33","Height":"22.9","Age":"84"},"envData":{"Humility":"71","Temp":"21","SCContent":"3.6825","SNContent":"0.1625","LAI":"5.836"}}