{"redPine":{"treeName":"plot02_redpine","Density":"0.001175","DBH":"103.25","Height":"23.8","Age":"84"},"oak":{"treeName":"plot02_oak","Density":"0.01645","DBH":"25","Height":"22.9","Age":"84"},"beech":{"treeName":"plot02_beech","Density":"0.001175","DBH":"24.125","Height":"22.9","Age":"84"},"birch":{"treeName":"plot02_birch","Density":"0.001175","DBH":"16","Height":"22.9","Age":"84"},"whitePine":{"treeName":"plot02_whitepine","Density":"0.001175","DBH":"22","Height":"23.8","Age":"84"},"redMaple":{"treeName":"plot02_redmaple","Density":"0.001175","DBH":"28","Height":"22.9","Age":"84"},"redOak":{"treeName":"plot02_redoak","Density":"0.001175","DBH":"33","Height":"22.9","Age":"84"},"envData":{"Humility":"71","Temp":"21","SCContent":"3.99","SNContent":"0.145","LAI":"4.83"}}