{"redPine":{"treeName":"plot11_redpine","Density":"0.00089","DBH":"103.25","Height":"23.8","Age":"84"},"oak":{"treeName":"plot11_oak","Density":"0.00089","DBH":"25","Height":"22.9","Age":"84"},"beech":{"treeName":"plot11_beech","Density":"0.00089","DBH":"24.125","Height":"22.9","Age":"84"},"birch":{"treeName":"plot11_birch","Density":"0.01246","DBH":"16","Height":"22.9","Age":"84"},"whitePine":{"treeName":"plot11_whitepine","Density":"0.00089","DBH":"22","Height":"23.8","Age":"84"},"redMaple":{"treeName":"plot11_redmaple","Density":"0.00089","DBH":"28","Height":"22.9","Age":"84"},"redOak":{"treeName":"plot11_redoak","Density":"0.00089","DBH":"33","Height":"22.9","Age":"84"},"envData":{"Humility":"71","Temp":"21","SCContent":"3.6225","SNContent":"0.2","LAI":"5.636"}}